{"cameraMode":{"drawMode":2,"name":"Shaded Wireframe","section":"Shading Mode"},"sceneLighting":true,"audioPlay":false,"sceneViewState":{"showFog":true,"showMaterialUpdate":true,"showSkybox":true,"showFlares":true,"showImageEffects":true,"showParticleSystems":true},"in2DMode":false,"pivot":{"x":-53.96572494506836,"y":22.301231384277345,"z":17.7403564453125},"rotation":{"x":-0.48795926570892336,"y":0.13767454028129579,"z":-0.07825396955013275,"w":-0.858380913734436},"size":112.73551177978516,"orthographic":false}